iterations,fitness,accuracy,train_time,test_time
10,350,71.5746421268
100,350,71.5746421268
500,350,71.5746421268
1000,347,70.9611451943
2500,344,70.3476482618
5000,339,69.3251533742
