iterations,fitness,accuracy,train_time,test_time
10,1167,79.3337865398
100,1167,79.3337865398
500,1167,79.3337865398
1000,1157,78.6539768865
2500,1150,78.1781101292
5000,1126,76.5465669613
