iterations,fitness,accuracy,train_time,test_time
10,2320,78.9921688798
100,2320,78.9921688798
500,2320,78.9921688798
1000,2310,78.6516853933
2500,2311,78.6857337419
5000,2352,80.0817160368
